I78	range	#DDDBEA	2157
I11	range	#DFF1DE	2
I23	range	#DFF1DE	2
I35	range	#DFF1DE	2
I26	range	#DFF1DE	2
I46	range	#DDDBEA	2157
I19	range	#DDDBEA	2157
I15	range	#DDDBEA	2157
I24	range	#DFF1DE	2
I3	range	#DFF1DE	2
I25	range	#DDDBEA	2157
I73	range	#DDDBEA	2157
I29	range	#DDDBEA	2157
I38	range	#DFF1DE	2
I30	range	#DFF1DE	2
I37	range	#DDDBEA	2157
I41	range	#DDDBEA	2157
I36	range	#DFF1DE	2
I55	range	#DDDBEA	2157
I59	range	#DDDBEA	2157
I13	range	#DFF1DE	2
I22	range	#DFF1DE	2
I53	range	#DDDBEA	2157
I61	range	#DDDBEA	2157
I2	range	#DDDBEA	2157
I40	range	#DFF1DE	2
I14	range	#DDDBEA	2157
I28	range	#DDDBEA	2157
I45	range	#DDDBEA	2157
I70	range	#DDDBEA	2157
I71	range	#DDDBEA	2157
I58	range	#DDDBEA	2157
I60	range	#DDDBEA	2157
I9	range	#DFF1DE	2
I4	range	#DDDBEA	2157
I42	range	#DDDBEA	2157
I66	range	#DDDBEA	2157
I27	range	#DFF1DE	2
I7	range	#DFF1DE	2
I16	range	#DFF1DE	2
I17	range	#DFF1DE	2
I48	range	#DDDBEA	2157
I57	range	#DDDBEA	2157
I34	range	#DDDBEA	2157
I12	range	#DFF1DE	2
I68	range	#DDDBEA	2157
I69	range	#DDDBEA	2157
I50	range	#DDDBEA	2157
I6	range	#DFF1DE	2
I72	range	#DDDBEA	2157
I51	range	#DDDBEA	2157
I52	range	#DDDBEA	2157
I20	range	#DDDBEA	2157
I62	range	#DDDBEA	2157
I75	range	#DDDBEA	2157
I21	range	#DFF1DE	2
I39	range	#DFF1DE	2
I32	range	#DFF1DE	2
I44	range	#DDDBEA	2157
I43	range	#DFF1DE	2
I18	range	#DFF1DE	2
I56	range	#DDDBEA	2157
I65	range	#DDDBEA	2157
I31	range	#DFF1DE	2
I1	range	#DFF1DE	2
I33	range	#DDDBEA	2157
I74	range	#DDDBEA	2157
I54	range	#DDDBEA	2157
I76	range	#DDDBEA	2157
I77	range	#DDDBEA	2157
I10	range	#DDDBEA	2157
I8	range	#DDDBEA	2157
I47	range	#DDDBEA	2157
I63	range	#DDDBEA	2157
I67	range	#DDDBEA	2157
I5	range	#DDDBEA	2157
I64	range	#DDDBEA	2157
I49	range	#DDDBEA	2157
